id_operacion,hora,cirujano,QUIROFANO_id_quirofano
0,10:00:00,ALI ALBULAYHI,22
1,01:30:00,EDERSON,19
2,12:00:00,JANSSON Pontus,21
3,12:00:00,KHALIFA Saber,22
4,12:00:00,AMRABAT Sofyan,8
5,12:00:00,RUNARSSON Runar,9
6,12:00:00,GUZMAN David,23
7,03:00:00,JONES Brad,23
8,10:00:00,SASSI Ferjani,20
9,06:00:00,MUELLER Thomas,3
10,07:30:00,KHALIFA Saber,2
11,01:00:00,PJACA Marko,12
12,03:00:00,PAULINHO,19
13,12:00:00,ANTHONY LOPES,4
14,11:00:00,SON Heungmin,0
15,09:00:00,TRIPPIER Kieran,5
16,04:00:00,LECKIE Mathew,17
17,08:00:00,AHMED HEGAZY,12
18,12:00:00,MIGNOLET Simon,4
19,04:00:00,HALLFREDSSON Emil,16
20,08:00:00,MONREAL Nacho,22
21,09:00:00,FABIANSKI Lukasz,20
22,11:00:00,NAGATOMO Yuto,8
23,12:00:00,ECHIEJILE Elderson,1
24,07:00:00,GRANAT Vladimir,1
25,12:00:00,CARRASCO Yannick,4
26,06:00:00,SAEVARSSON Birkir,22
27,08:00:00,MANDANDA Steve,2
28,09:30:00,BARCENAS Edgar,5
29,10:00:00,PERISIC Ivan,5
30,10:00:00,HERRERA Hector,3
31,12:20:00,TRAUCO Miguel,5
32,12:00:00,BODVARSSON Jon,22
33,12:00:00,CORONA Jesus,7
34,12:00:00,AMRABAT Sofyan,20
35,06:00:00,GASSAMA Lamine,8
36,02:10:00,MONTAZERI Pejman,3
37,09:30:00,GUDMUNDSSON Johann,3
38,07:00:00,ZHIRKOV Yury,16
39,08:00:00,HASSEN Mouez,13
40,12:00:00,SPAJIC Uros,11
41,12:30:00,RODRIGUEZ Alex,20
42,05:00:00,VARELA Guillermo,0
43,09:30:00,MILENKOVIC Nikola,11
44,12:00:00,PARK Jooho,13
45,11:30:00,MBODJI Kara,7
46,06:45:00,MANE Sadio,17
47,07:00:00,DE BRUYNE Kevin,17
48,11:00:00,SUAREZ Luis,8
49,07:30:00,RODRIGUEZ Jose Luis,6
50,12:00:00,ALI ALBULAYHI,22
51,12:00:00,SON Heungmin,23
52,12:00:00,MUTO Yoshinori,6
53,10:30:00,JEDINAK Mile,12
54,07:00:00,YOUNG Ashley,13
55,12:00:00,VENEGAS Johan,1
56,12:00:00,AWAZIEM Chidozie,15
57,12:00:00,RAPHAEL GUERREIRO,3
58,12:00:00,RENATO AUGUSTO,10
59,12:00:00,WITSEL Axel,21
60,04:00:00,KIMPEMBE Presnel,4
61,04:00:00,MUHANNAD ASIRI,24
62,07:25:00,HOSSEINI Majid,2
63,02:30:00,DYBALA Paulo,17
64,08:15:00,KAHRABA,15
65,05:00:00,BEN YOUSSEF Syam,15
66,08:30:00,SALEM ALDAWSARI,2
67,06:30:00,ABDALLA SAID,15
68,12:00:00,KAGAWA Shinji,9
69,12:00:00,LARSSON Sebastian,5
70,12:00:00,BROZOVIC Marcelo,20
71,12:00:00,RUKAVINA Antonio,1
72,12:00:00,TAGNAOUTI Ahmed,10
73,12:00:00,TAREK HAMED,4
74,12:00:00,BORGES Celso,14
75,12:00:00,RYAN Mathew,6
76,12:00:00,PAZDAN Michal,2
77,09:00:35,NDIAYE Pape Alioune,16
78,06:00:00,BEIRANVAND Ali,18
79,12:00:00,KRAMARIC Andrej,20
80,12:00:00,SISTO Pione,23
81,12:00:00,SAISS Romain,10
82,12:00:00,JOAO MARIO,11
83,12:00:00,PEREZ Blas,12
84,12:00:00,CUMMINGS Harold,2
85,12:00:00,ALDERWEIRELD Toby,22
86,12:00:00,LINGARD Jesse,20
87,12:00:00,BARRIOS  Wilmar,19
88,10:00:00,HAZARD Eden,16
89,12:00:00,DA COSTA Manuel,24
90,11:00:00,KALINIC Lovre,24
91,06:00:00,KRYCHOWIAK Grzegorz,15
92,06:00:00,LJAJIC Adem,3
93,12:00:00,GOMEZ Maximiliano,2
94,08:00:00,KOUYATE Cheikhou,3
95,09:00:00,MILIVOJEVIC Luka,22
96,04:00:00,MARWAN MOHSEN,0
97,12:00:00,CISS Saliou,22
98,12:00:00,KVIST William,16
99,12:00:00,ABDULMALEK ALKHAIBRI,16
100,12:00:00,JANG Hyunsoo,11
101,12:00:00,CARRASCO Yannick,0
102,12:00:00,ARZANI Daniel,12
103,12:00:00,DALSGAARD Henrik,22
104,08:00:00,MAHMOUD HAMDY,24
105,07:00:00,GINTER Matthias,2
106,12:00:00,DIAZ Ismael,16
107,12:00:00,DRMIC Josip,20
108,12:00:00,WALLACE Rodney,23
109,01:00:00,ARMANI Franco,6
110,12:17:00,SAMIR SAAD,12
111,09:00:00,RASHFORD Marcus,13
112,01:30:00,JONES Phil,14
113,12:00:00,DELPH Fabian,20
114,10:00:00,FERNANDES Gelson,6
115,12:00:00,SAMEDOV Alexander,0
116,12:00:00,BEN AMOR Mohamed,15
117,12:00:00,DOLBERG Kasper,5
118,12:00:00,DIRAR Nabil,8
119,05:00:00,KI Sungyueng,11
120,12:00:00,BRONN Dylan,23
121,08:00:00,FELLAINI Marouane,7
122,12:00:00,URENA Marcos,2
123,12:00:00,MOJICA Johan,7
124,07:00:00,BRANDT Julian,3
125,12:00:00,IZQUIERDO Jose,21
126,12:00:00,HAZARD Thorgan,1
127,12:00:00,AZPILICUETA Cesar,4
128,10:30:00,BELHANDA Younes,22
129,12:00:00,EKDAL Albin,7
130,12:00:00,GAMBOA Cristian,5
131,03:00:23,GABULOV Vladimir,0
132,06:00:00,FERNANDINHO,6
133,12:00:00,AMRABAT Sofyan,0
134,01:10:00,DAVIS Eric,20
135,07:00:00,CACERES Martin,10
136,07:00:00,HAJI SAFI Ehsan,20
137,02:00:00,BORJA Miguel,22
138,12:00:00,LEE Seungwoo,10
139,10:30:00,IVANOVIC Branislav,15
140,11:11:00,MANE Sadio,13
141,01:00:00,SPAJIC Uros,6
142,09:00:00,GABULOV Vladimir,16
143,02:00:00,BEDOUI Rami,14
144,03:19:19,ARNASON Kari,15
145,12:00:00,LEWANDOWSKI Robert,18
146,05:00:00,CAHILL Gary,18
147,10:30:00,RODRIGUEZ Ricardo,13
148,09:30:00,AUGUSTINSSON Ludwig,19
149,10:28:00,MILENKOVIC Nikola,24
150,12:00:00,SHEHU Abdullahi,19
151,07:48:48,ONAZI Ogenyi,12
152,09:00:00,AUGUSTINSSON Ludwig,15
153,12:00:00,HUSSAIN ALMOQAHWI,14
154,01:00:00,DE ARRASCAETA Giorgian,8
155,02:00:00,RUI PATRICIO,8
156,12:00:00,OH Bansuk,9
157,11:00:00,CALVO Francisco,24
158,05:00:00,MOHAMED ELNENY,17
159,04:30:00,MAZAHERI Rashid,24
160,05:00:00,GUEYE Idrissa Gana,7
161,02:00:00,BRANDT Julian,0
162,11:00:00,ECHIEJILE Elderson,21
163,12:00:00,SAMIR SAAD,15
164,11:56:00,KROHN-DEHLI Michael,4
165,09:00:00,GHODDOS  Saman,0
166,09:30:00,AKPEYI Daniel,2
167,12:00:00,ANTHONY LOPES,8
168,02:45:00,FAGNER,12
169,12:00:00,KHANZADEH Mohammad Reza,24
170,07:30:00,HALLFREDSSON Emil,5
171,02:00:00,GRIEZMANN Antoine,11
172,04:30:00,OH Bansuk,13
173,06:30:00,SAUL,20
174,02:00:00,MANE Sadio,0
175,12:00:00,GUZMAN David,18
176,05:00:00,SAEVARSSON Birkir,13
177,12:00:00,KAGAWA Shinji,12
178,05:00:00,GHOOCHANNEJHAD Reza,16
179,07:57:00,KOMPANY Vincent,13
180,07:57:00,BEIRANVAND Ali,4
181,12:00:00,NAKAMURA Kosuke,18
182,12:00:00,TEJADA Luis,19
183,12:00:00,HARAGUCHI Genki,13
184,12:00:00,LJAJIC Adem,0
185,06:30:00,NDIAYE Pape Alioune,1
186,02:00:00,BEHICH Aziz,11
187,08:00:00,ANSALDI Cristian,21
188,05:00:00,STUANI Cristhian,9
189,12:00:00,DOS SANTOS Giovani,12
190,12:00:00,KIM Minwoo,9
191,10:00:00,ALVAREZ Edson,1
192,06:48:00,HALLFREDSSON Emil,20
193,12:00:00,GIMENEZ Jose,6
194,12:00:00,MEREDITH James,21
195,07:00:00,GUIDETTI John,4
196,12:00:00,AIT BENNASSER Youssef,21
197,01:00:00,GOMEZ Gabriel,20
198,07:01:00,DZEMAILI Blerim,3
199,07:01:00,CUEVA Christian,8
200,06:15:00,BOUSSOUFA Mbark,15
201,08:00:00,TORABI Mehdi,17
202,05:30:00,HARAGUCHI Genki,16
203,12:00:00,HIGASHIGUCHI Masaaki,16
204,10:30:00,FABIANSKI Lukasz,12
205,03:00:00,CAMPBELL Joel,24
206,07:00:00,JEDVAJ Tin,14
207,02:00:00,FRED,11
208,08:00:00,PIVARIC Josip,1
209,03:00:00,YUN Youngsun,7
210,12:00:00,LANZINI Manuel,19
211,12:00:00,SCHAER Fabian,21
212,12:00:00,MUSLERA Fernando,11
213,11:00:00,MAKINO Tomoaki,23
214,09:00:00,MAKINO Tomoaki,20
215,12:00:00,FELLAINI Marouane,14
216,07:30:00,PISZCZEK Lukasz,10
217,09:45:00,GUNNARSSON Aron,8
218,12:00:00,ISCO,17
219,02:40:00,AHMED ELMOHAMADY,10
220,12:00:00,TORREIRA Lucas,8
221,12:00:00,MERIAH Yassine,5
222,11:45:00,BEN ALOUANE Yohan,7
223,12:00:00,TAREK HAMED,4
224,12:00:00,IHEANACHO Kelechi,10
225,12:00:00,MOSES Victor,20
226,12:00:00,IHEANACHO Kelechi,11
227,01:30:00,PERISIC Ivan,8
228,02:00:00,CASEMIRO,9
229,12:00:00,HAJI SAFI Ehsan,4
230,05:00:00,RENATO AUGUSTO,11
231,12:00:00,JEDVAJ Tin,13
232,12:00:00,PENEDO Jaime,21
233,12:00:00,MEREDITH James,17
234,12:00:00,SASSI Ferjani,16
235,06:00:00,SHIBASAKI Gaku,2
236,02:23:00,ROHDEN Marcus,19
237,07:30:00,OCHOA Guillermo,8
238,12:00:00,LUNEV Andrei,4
239,12:00:00,ALISSON,14
240,12:00:00,BRONN Dylan,21
241,04:00:00,JORGENSEN Nicolai,19
242,03:00:00,CALVO Francisco,21
243,12:00:00,BARCENAS Edgar,9
244,12:00:00,ZHIRKOV Yury,10
245,09:00:00,FRED,22
246,12:00:00,COOPER Armando,8
247,12:00:00,COLINDRES Daniel,10
248,12:00:00,RUIZ Bryan,19
249,12:00:00,BLASZCZYKOWSKI Jakub,23
250,12:00:00,BENATIA Mehdi,20
251,10:00:00,COOPER Armando,22
252,12:00:00,SIGURDSSON Gylfi,6
253,06:30:00,CHAALELI Ghaylen,13
254,06:30:00,OMERUO Kenneth,23
255,06:00:00,MURILLO Michael,17
256,12:00:00,REYES Diego,23
257,04:00:00,TALAVERA Alfredo,16
258,12:00:00,AHMED ELMOHAMADY,18
259,12:00:00,TALAVERA Alfredo,22
260,10:00:00,MOREIRA Leonel,19
261,12:00:00,SVENSSON Gustav,2
262,12:00:00,ZIELINSKI Piotr,16
263,12:00:00,CHRISTENSEN Andreas,22
264,12:00:00,MILLIGAN Mark,13
265,12:00:00,SCHAER Fabian,10
266,12:00:00,GIMENEZ Jose,4
267,05:30:00,CACEDA Carlos,2
268,03:00:00,JURMAN Matthew,20
269,05:00:00,EZENWA Ikechukwu,5
270,07:20:00,DENDONCKER Leander,20
271,04:30:00,FELLAINI Marouane,20
272,12:00:00,SILVA David,12
273,12:00:00,BORGES Celso,1
274,02:30:00,HIGUAIN Gonzalo,6
275,12:00:00,WALKER Kyle,2
276,07:00:02,LOYOLA Nilson,12
277,07:30:07,WERNER Timo,2
278,12:00:00,URIBE Mateus,21
279,12:00:00,GRUJIC Marko,14
280,12:00:00,ROSE Danny,18
281,12:00:00,MERIAH Yassine,1
282,12:00:00,PIQUE Gerard,8
283,08:00:00,AHMED HEGAZY,21
284,09:00:00,KUDRIASHOV Fedor,11
285,01:00:00,MOJICA Johan,11
286,08:00:00,GOMIS Alfred,5
287,05:00:00,KI Sungyueng,19
288,04:30:00,LAXALT Diego,15
289,06:30:00,MEREDITH James,23
290,10:00:00,CHERYSHEV Denis,20
291,08:00:00,MOON Seonmin,12
292,08:00:00,CRISTIANO RONALDO,6
293,12:00:00,KHALIL Ahmed,13
294,12:00:00,JONES Brad,10
295,05:00:00,CACEDA Carlos,23
296,04:30:00,AMR WARDA,5
297,09:00:00,JEDINAK Mile,18
298,12:00:00,TOIVONEN Ola,11
299,05:00:00,OH Bansuk,7
300,12:00:00,SON Heungmin,13
301,08:00:00,ABDALLA SAID,2
302,12:00:00,CHERYSHEV Denis,14
303,05:00:00,RODRIGUEZ Alberto,15
304,09:00:00,BUSQUETS Sergio,3
305,10:30:00,GLIK Kamil,15
306,12:30:00,CORONA Jose,6
307,09:30:00,MIRANDA,24
308,12:00:00,LERAGER Lukas,16
309,10:00:00,ARIAS Santiago,23
310,07:00:00,MVOGO Yvon,6
311,12:00:00,GISLASON Rurik,9
312,05:00:00,TORRES Roman,9
313,12:00:00,BRUNO ALVES,11
314,12:00:00,DOLBERG Kasper,23
315,12:00:00,BRAITHWAITE Martin,4
316,12:00:00,MBAPPE Kylian,6
317,12:00:00,NDIAYE Alfred,13
318,12:00:00,LEE Yong,8
319,12:00:00,KI Sungyueng,3
320,12:00:00,BOUNOU Yassine,8
321,11:30:00,GORALSKI Jacek,8
322,04:00:00,DANILO,9
323,12:00:00,JORGENSEN Mathias,12
324,12:00:00,FERNANDES Gelson,1
325,10:00:00,JO Hyeonwoo,4
326,08:00:00,IVANOVIC Branislav,24
327,08:30:00,JONES Phil,15
328,09:00:00,GOMIS Alfred,1
329,05:00:00,KHALIFA Saber,10
330,05:00:00,LEE Jaesung,5
331,06:30:00,OH Bansuk,10
332,04:00:00,DUARTE Oscar,12
333,12:00:00,LECKIE Mathew,8
334,07:30:00,JOSE FONTE,21
335,12:53:00,CALDERON Jose,1
336,05:00:00,LO CELSO Giovani,12
337,06:30:00,EMBOLO Breel,19
338,07:30:00,ACOSTA Johnny,20
339,05:00:00,INGASON Sverrir,7
340,02:30:00,MANSOUR ALHARBI,16
341,02:30:00,BERNARDO SILVA,22
342,01:30:00,MATIC Nemanja,3
343,12:00:00,OSPINA David,0
344,06:30:00,MILINKOVIC-SAVIC Sergej,0
345,12:00:00,EKONG William,22
346,12:00:00,CASTEELS Koen,24
347,12:00:00,ROJO Marcos,6
348,04:00:00,PAVON Cristian,24
349,12:00:00,FRIDJONSSON Samuel,16
350,01:00:00,MERTENS Dries,12
351,08:00:00,SUELE Niklas,17
352,12:00:00,NAGUEZ Hamdi,4
353,12:00:00,TORABI Mehdi,22
354,12:00:00,SANCHEZ Davinson,22
355,12:00:00,LIVAKOVIC Dominik,20
356,12:00:00,SAMIR SAAD,16
357,12:00:00,LERAGER Lukas,8
358,12:00:00,KIMPEMBE Presnel,8
359,12:00:00,BUTLAND Jack,21
360,12:00:00,JAHANBAKHSH Alireza,12
361,01:00:00,VAZQUEZ Lucas,12
362,12:00:00,KRUSE Robbie,13
363,12:00:00,MAZAHERI Rashid,21
364,12:00:00,DIER Eric,14
365,12:00:00,INIESTA Andres,21
366,12:00:00,KURZAWA Rafal,5
367,12:00:00,ASENSIO Marco,0
368,11:05:00,CARVAJAL Dani,18
369,04:00:00,JANG Hyunsoo,15
370,10:00:00,REZAEIAN Ramin,12
371,07:30:00,BOUHADDOUZ Aziz,15
372,12:00:00,KOVACIC Mateo,11
373,10:00:00,AMIRI Vahid,8
374,12:00:00,TREZEGUET,17
375,12:00:00,NDIAYE Pape Alioune,12
376,06:00:00,DYBALA Paulo,16
377,12:30:00,OMERUO Kenneth,23
378,12:00:00,SKULASON Olafur,15
379,04:30:00,ALBA Jordi,4
380,12:00:00,LECKIE Mathew,9
381,12:00:00,KOO Jacheol,24
382,12:00:00,NDOYE Cheikh,20
383,12:00:00,BALOY Felipe,20
384,12:00:00,FABIAN Marco,20
385,12:00:00,CRISTIANO RONALDO,16
386,08:00:00,QUINTERO Juan,9
387,12:00:00,BLASZCZYKOWSKI Jakub,11
388,06:00:00,IGNASHEVICH Sergey,15
389,08:00:00,SMOLNIKOV Igor,14
390,10:00:00,BELHANDA Younes,3
391,12:00:00,CARRASCO Yannick,3
392,12:00:00,LEMAR Thomas,3
393,12:00:00,RODRIGUEZ Jose Luis,13
394,09:00:00,MAALOUL Ali,20
395,05:00:00,DRMIC Josip,14
396,01:00:00,MERCADO Gabriel,12
397,12:00:00,VARGAS Camilo,10
398,04:30:00,LERMA Jefferson,3
399,06:00:00,MINA Yerry,18
400,12:00:00,DOLBERG Kasper,23
401,12:00:00,CHADLI Nacer,2
402,12:00:00,INGASON Sverrir,11
403,12:00:00,GRANAT Vladimir,7
404,10:30:21,AREOLA Alphonse,22
405,08:00:00,ISCO,4
406,12:30:00,KIM Jinhyeon,19
407,01:00:00,FAJR Faycal,21
408,10:42:00,THAUVIN Florian,1
409,06:30:00,OBI Joel,12
410,03:00:00,MOHAMMED ALOWAIS,24
411,12:00:00,ALVAREZ Edson,16
412,01:00:00,SALCEDO Carlos,16
413,12:00:00,FREULER Remo,17
414,10:00:00,DIER Eric,19
415,12:06:06,RODRIGUEZ Alex,8
416,03:40:40,ZIELINSKI Piotr,9
417,08:30:00,CHERYSHEV Denis,8
418,09:00:00,EZATOLAHI Saeid,22
419,12:00:00,PESZKO Slawomir,6
420,04:00:00,KHALIFA Saber,3
421,02:00:00,MOHAMMED ALSAHLAWI,19
422,12:00:00,ABEDZADEH Amir,1
423,06:30:00,BEN MUSTAPHA Farouk,17
424,08:30:00,MITROVIC Aleksandar,23
425,09:00:00,GOLOVIN Aleksandr,16
426,06:00:00,JOSE FONTE,14
427,12:00:00,ELVEDI Nico,0
428,02:00:00,SKULASON Olafur,7
429,12:00:00,KALINIC Lovre,10
430,12:00:00,SAEVARSSON Birkir,20
431,12:00:00,RAJKOVIC Predrag,3
432,08:30:00,KIM Shinwook,13
433,05:00:00,HERRERA Hector,24
434,04:20:00,AUGUSTINSSON Ludwig,14
435,03:00:00,FERNANDES Gelson,2
436,12:00:00,STRINIC Ivan,1
437,06:00:00,SAEVARSSON Birkir,11
438,03:00:00,KANTE Ngolo,20
439,12:00:00,MVOGO Yvon,4
440,12:00:00,EMBOLO Breel,16
441,11:30:00,MONTAZERI Pejman,7
442,02:30:00,KOKE,2
443,05:00:00,DELANEY Thomas,14
444,12:00:00,IDOWU Bryan,13
445,07:00:00,RODRIGUEZ Jose Luis,0
446,05:00:00,PENEDO Jaime,18
447,02:00:00,BUSQUETS Sergio,15
448,02:00:00,ALI ALBULAYHI,13
449,02:00:00,NAGATOMO Yuto,12
450,03:00:00,SIDIBE Djibril,6
451,11:30:00,AKPEYI Daniel,16
452,12:00:00,FREULER Remo,2
453,06:20:00,DOUGLAS COSTA,18
454,10:00:00,SCHRAM Frederik,3
455,12:00:00,NDOYE Cheikh,18
456,12:00:00,JIMENEZ Raul,21
457,02:00:00,UZOHO Francis,11
458,12:00:00,LOYOLA Nilson,11
459,12:00:00,MOON Seonmin,16
460,12:00:00,GONZALEZ Giancarlo,22
461,12:00:00,IDOWU Bryan,18
462,09:00:00,IRVINE Jackson,4
463,12:00:00,POULSEN Yussuf Yurary,5
464,12:00:00,CASEMIRO,2
465,12:00:00,SIDIBE Djibril,16
466,12:00:00,KOULIBALY Kalidou,21
467,12:00:00,SUAREZ Luis,19
468,07:00:00,ARROYO Abdiel,5
469,12:00:00,ZIYACH Hakim,15
470,10:00:00,MUSA Ahmed,0
471,04:30:00,TRIPPIER Kieran,19
472,01:00:00,AWAZIEM Chidozie,13
473,12:00:00,POURALIGANJI Morteza,24
474,12:00:00,CUMMINGS Harold,18
475,10:00:00,SMOLNIKOV Igor,8
476,12:00:00,GOLOVIN Aleksandr,20
477,11:00:35,KIM Seunggyu,9
478,12:00:00,NEUER Manuel,15
479,12:00:00,MARQUINHOS,23
480,09:00:00,ERIKSEN Christian,20
481,11:00:00,FABIANSKI Lukasz,19
482,12:40:00,LAYUN Miguel,1
483,12:00:00,NAGUEZ Hamdi,3
484,12:00:00,BJARNASON Birkir,7
485,07:00:00,BOUNOU Yassine,4
486,12:00:00,RODIC Milan,21
487,06:00:00,UEDA Naomichi,4
488,06:00:00,HELANDER Filip,18
489,08:14:26,TADIC Dusan,2
490,07:00:00,LOSSL Jonas,17
491,12:00:00,GRANAT Vladimir,12
492,08:00:00,BEDOUI Rami,2
493,12:00:00,MOON Seonmin,22
494,12:00:00,OBI Joel,21
495,09:00:00,DOS SANTOS Jonathan,17
496,10:00:00,GROSICKI Kamil,2
497,10:00:00,SANCHEZ Davinson,9
498,12:00:00,CARVAJAL Dani,7
499,07:00:00,MIRANDA,9
500,04:00:00,PAZDAN Michal,3
501,04:00:00,WASTON Kendall,22
502,12:00:00,FLORES Edison,3
503,12:00:00,UEDA Naomichi,2
504,08:00:00,MARWAN MOHSEN,2
505,08:00:00,BUERKI Roman,14
506,08:00:00,JANG Hyunsoo,4
507,12:00:00,BOUHADDOUZ Aziz,8
508,12:00:00,RAMI Adil,19
509,12:00:00,BOUTAIB Khalid,20
510,12:00:00,CASSIO,23
511,12:00:00,BELHANDA Younes,0
512,12:00:00,RYBUS Maciej,18
513,12:00:00,SANCHEZ Carlos,1
514,12:00:00,WITSEL Axel,1
515,12:00:00,KURZAWA Rafal,10
516,12:00:00,JEDVAJ Tin,22
517,12:00:00,KIMPEMBE Presnel,2
518,03:00:00,BIGLIA Lucas,9
519,03:00:00,EROKHIN Aleksandr,12
520,03:00:00,MIRANCHUK Alexey,4
521,10:00:00,MOHAMMED ALSAHLAWI,23
522,10:00:00,BOYATA Dedryck,22
523,12:00:00,SKULASON Olafur,10
524,12:00:00,GALLARDO Jesus,2
525,12:00:00,SMOLOV Fedor,3
526,01:00:00,AGUERO Sergio,6
527,06:00:00,MOHAMED ABDELSHAFY,22
528,10:00:00,SHIBASAKI Gaku,15
529,12:00:00,KHANZADEH Mohammad Reza,17
530,12:00:00,CAHILL Tim,8
531,12:00:00,SVENSSON Gustav,15
532,12:00:00,KIM Seunggyu,2
533,12:00:00,LOVREN Dejan,19
534,12:00:00,PHILIPPE COUTINHO,3
535,12:00:00,GUDMUNDSSON Albert,9
536,10:00:00,ADVINCULA Luis,19
537,10:00:00,KHEDIRA Sami,23
538,10:00:00,THIAGO,1
539,12:00:00,KOUYATE Cheikhou,23
540,06:20:00,MINA Yerry,18
541,07:00:00,FEKIR Nabil,19
542,09:30:00,MINA Yerry,10
543,08:30:00,MATUIDI Blaise,12
544,12:00:00,DA COSTA Manuel,13
545,05:30:00,CASTEELS Koen,21
546,12:00:00,CORLUKA Vedran,13
547,12:00:00,AYALA Hugo,7
548,10:22:36,RASHFORD Marcus,23
549,06:30:00,REBIC Ante,14
550,10:30:50,PEREZ Blas,15
551,07:30:00,HONG Chul,12
552,09:00:00,KALINIC Lovre,8
553,12:00:00,SAMEDOV Alexander,8
554,05:00:00,LUONGO Massimo,17
555,06:00:00,INUI Takashi,11
556,12:00:00,RAMOS Christian,7
557,12:00:00,TAGNAOUTI Ahmed,11
558,11:00:00,BEDNAREK Jan,21
559,05:00:00,AHMED FATHI,3
560,09:00:00,BUTLAND Jack,22
561,06:00:00,MOJICA Johan,22
562,12:00:00,SASSI Ferjani,15
563,06:30:00,INGASON Sverrir,15
564,09:00:00,ARZANI Daniel,7
565,12:00:00,DAVIS Eric,7
566,10:00:00,BUTLAND Jack,17
567,12:00:00,NIANG Mbaye,3
568,12:00:00,KIM Jinhyeon,14
569,12:00:00,OBI Joel,15
570,12:00:00,WILLIAN,4
571,09:00:00,LUONGO Massimo,6
572,09:00:00,DE BRUYNE Kevin,19
573,12:00:00,YOTUN Yoshimar,20
574,12:00:00,INUI Takashi,6
575,12:00:00,RAMADAN SOBHY,22
576,08:00:00,SCHAER Fabian,12
577,06:30:00,CAMPANA Martin,9
578,06:00:00,PISZCZEK Lukasz,18
579,09:00:00,RYAN Mathew,23
580,05:15:00,DAVIS Eric,19
581,06:50:00,PAVARD Benjamin,2
582,11:00:00,BOUHADDOUZ Aziz,5
583,11:30:00,TREZEGUET,18
584,08:00:00,DEJAGAH Ashkan,13
585,04:40:00,KOWNACKI Dawid,11
586,12:00:00,DIALLO Abdoulaye,23
587,12:00:00,CAHILL Gary,15
588,12:00:00,FAHAD ALMUWALLAD,9
589,09:00:00,IHEANACHO Kelechi,14
590,04:30:00,LLORIS Hugo,13
591,12:00:00,RUKAVINA Antonio,5
592,11:00:00,YOUNG Ashley,9
593,02:00:00,BENATIA Mehdi,23
594,05:00:00,HERNANDEZ Javier,20
595,06:20:00,IDOWU Bryan,22
596,12:00:00,BOYATA Dedryck,6
597,05:00:00,BEHICH Aziz,0
598,12:00:00,BOLANOS Christian,15
599,12:00:00,PAULINHO,3
600,10:00:00,HECTOR Jonas,6
601,10:00:00,OCHOA Guillermo,0
602,08:50:00,GOMEZ Mario,20
603,04:00:00,ESSAM EL HADARY,15
604,06:00:00,DZAGOEV Alan,5
605,06:00:00,WALLACE Rodney,23
606,06:30:00,REBIC Ante,24
607,06:30:00,RODRIGUEZ Ricardo,1
608,06:00:00,EBUEHI Tyronne,16
609,12:00:00,SALEM ALDAWSARI,13
610,11:00:00,FILIPE LUIS,0
611,12:00:00,SAEVARSSON Birkir,1
612,10:00:00,ALLI Dele,19
613,12:00:00,NEYMAR,9
614,12:00:00,KIM Seunggyu,20
615,12:00:00,GOMEZ Mario,20
616,04:00:00,CORONA Jose,19
617,12:00:00,EBRAHIMI Omid,12
618,12:00:00,MAGUIRE Harry,19
619,12:00:00,LJAJIC Adem,19
620,05:00:00,DIOUF Mame,1
621,12:00:00,FAJR Faycal,22
622,12:00:00,SCHMEICHEL Kasper,15
623,12:00:00,SCHRAM Frederik,3
624,12:00:00,MILENKOVIC Nikola,12
625,10:00:00,STRINIC Ivan,22
626,03:00:00,SCHONE Lasse,17
627,12:00:00,BRANDT Julian,16
628,12:00:00,GUZMAN Nahuel,1
629,12:00:00,LIVAKOVIC Dominik,23
630,12:00:00,ETEBO Oghenekaro,11
631,12:00:00,CORZO Aldo,5
632,12:00:00,ZOBNIN Roman,21
633,12:00:00,BELHANDA Younes,13
634,12:00:00,MUTO Yoshinori,21
635,12:00:00,HUSSAIN ALMOQAHWI,15
636,12:00:00,AQUINO Javier,5
637,12:00:00,GIROUD Olivier,13
638,12:00:00,MANE Sadio,2
639,12:00:00,LLORIS Hugo,10
640,12:00:00,BOUNOU Yassine,9
641,12:00:00,KAHRABA,9
642,10:00:00,DJOUROU Johan,2
643,12:00:00,KALINIC Lovre,17
644,12:00:00,FREULER Remo,23
645,12:00:00,NACHO,18
646,04:00:00,DEMBELE Moussa,3
647,02:00:00,MUELLER Thomas,17
648,12:00:00,NDOYE Cheikh,21
649,12:00:00,ASENSIO Marco,3
650,03:30:00,LUONGO Massimo,12
651,12:00:00,PISZCZEK Lukasz,6
652,12:00:00,LEE Yong,22
653,06:00:00,ACUNA Marcos,13
654,12:00:00,IHEANACHO Kelechi,1
655,12:00:00,JEDRZEJCZYK Artur,11
656,11:00:00,BRUNO FERNANDES,3
657,12:00:00,MARQUINHOS,15
658,12:00:00,KALINIC Lovre,8
659,12:00:00,GORETZKA Leon,4
660,12:00:00,THIAGO SILVA,17
661,12:00:00,PEMBERTON Patrick,1
662,09:00:00,AQUINO Javier,24
663,12:00:00,FRIDJONSSON Samuel,0
664,09:00:00,JEDVAJ Tin,7
665,06:00:00,NEYMAR,7
666,10:00:00,KOUYATE Cheikhou,0
667,07:00:00,RYAN Mathew,21
668,02:00:00,MARQUINHOS,4
669,10:00:00,DOUGLAS COSTA,13
670,12:00:00,PIVARIC Josip,24
671,05:55:00,MUTO Yoshinori,21
672,12:00:00,GOLOVIN Aleksandr,9
673,09:00:00,FABIAN Marco,12
674,06:47:47,KUDRIASHOV Fedor,1
675,12:00:00,SARR Ismaila,16
676,01:00:00,OVALLE Luis,15
677,11:00:00,KJAER Simon,7
678,12:00:00,WAGUE Moussa,13
679,07:00:00,GOMEZ Maximiliano,3
680,12:00:00,MILIVOJEVIC Luka,23
681,04:00:00,HWANG Heechan,14
682,03:00:00,RAMOS Christian,22
683,02:00:00,MATARRITA Ronald,6
684,07:00:00,KRYCHOWIAK Grzegorz,3
685,10:00:00,HERNANDEZ Javier,19
686,09:00:00,RODIC Milan,3
687,12:00:00,PENEDO Jaime,0
688,12:00:00,DEMBELE Ousmane,21
689,05:00:00,CAHILL Gary,3
690,12:00:00,CABALLERO Wilfredo,0
691,12:00:00,KROHN-DEHLI Michael,12
692,12:00:00,SMOLOV Fedor,4
693,04:30:00,CEDRIC,5
694,12:00:00,ARROYO Abdiel,15
695,05:00:00,NDIDI Onyinye,11
696,03:30:00,FINNBOGASON Alfred,24
697,07:30:00,TORABI Mehdi,4
698,12:00:00,SAMEDOV Alexander,6
699,07:00:00,CASSIO,8
700,07:15:00,SAKAI Hiroki,14
701,11:00:00,SRARFI Bassem,17
702,12:00:00,JIMENEZ Raul,11
703,03:30:00,LJAJIC Adem,9
704,04:00:00,FAJR Faycal,7
705,02:00:00,SAEVARSSON Birkir,19
706,01:00:00,ASPAS Iago,1
707,07:00:00,GAZINSKY Iury,21
708,12:00:00,JEDINAK Mile,7
709,12:00:00,SHIBASAKI Gaku,11
710,02:00:00,TRAUCO Miguel,17
711,12:00:00,CORLUKA Vedran,19
712,03:15:00,EKDAL Albin,24
713,08:00:00,MORENO Hector,7
714,10:00:00,AIT BENNASSER Youssef,11
715,10:00:00,KOLAROV Aleksandar,20
716,09:00:00,HURTADO Paolo,21
717,12:50:00,UEDA Naomichi,8
718,08:30:00,GISLASON Rurik,9
719,08:00:00,MAGUIRE Harry,9
720,02:00:00,ABDULLAH ALKHAIBARI,11
721,09:00:00,TADIC Dusan,17
722,09:00:00,KHAZRI Wahbi,17
723,12:00:00,ONAZI Ogenyi,5
724,01:30:00,KRAMARIC Andrej,19
725,04:30:00,GINTER Matthias,8
726,12:00:00,MARQUINHOS,21
727,12:00:00,SILVA Martin,16
728,12:00:00,MAALOUL Ali,3
729,12:00:00,YOUNG Ashley,11
730,12:00:00,RAMADAN SOBHY,7
731,12:00:00,MOHAMED SALAH,12
732,12:00:00,GRUJIC Marko,13
733,06:00:00,CAVANI Edinson,6
734,12:00:00,CHRISTENSEN Andreas,1
735,12:00:00,COSTA Diego,16
736,12:00:00,OBI Joel,8
737,12:00:00,MOHAMMED ALOWAIS,2
738,03:00:00,BERESZYNSKI Bartosz,1
739,06:30:00,TRAUCO Miguel,20
740,12:00:00,SAM MORSY,22
741,10:00:00,TIELEMANS Youri,21
742,10:00:00,THELIN Isaac Kiese,14
743,12:00:00,DE GEA David,9
744,10:00:00,ARZANI Daniel,13
745,12:00:00,TER STEGEN Marc-Andre,3
746,09:10:00,DIER Eric,12
747,12:20:00,FRED,14
748,12:00:00,KAGAWA Shinji,1
749,12:00:00,HUSSAIN ALMOQAHWI,0
750,01:00:00,ASENSIO Marco,13
751,12:00:00,MIRANCHUK Anton,11
752,12:00:00,MOHAMMADI Milad,20
753,12:00:00,DE ARRASCAETA Giorgian,17
754,12:00:00,MARQUEZ Rafael,19
755,12:00:00,CAMPBELL Joel,7
756,12:00:00,DRMIC Josip,23
757,12:00:00,DZYUBA Artem,17
758,12:00:00,TREZEGUET,17
759,01:00:37,RODIC Milan,15
760,12:00:00,AHMED FATHI,9
761,12:00:00,AYALA Hugo,3
762,12:00:00,PIQUE Gerard,5
763,12:00:00,RISDON Joshua,8
764,12:00:00,FABIAN Marco,19
765,12:00:00,REUS Marco,9
766,10:00:00,RODRIGUEZ Jose Luis,15
767,07:00:00,MARQUINHOS,21
768,07:00:00,AZOFEIFA Randall,10
769,07:00:00,SHOJI Gen,19
770,12:00:00,KNUDSEN Jonas,6
771,12:00:00,ABDULLAH ALMUAIOUF,17
772,12:00:00,BLASZCZYKOWSKI Jakub,17
773,12:00:00,FAJR Faycal,5
774,12:00:00,EDERSON,0
775,12:00:00,GAVRANOVIC Mario,10
776,12:00:00,SILVA Gaston,8
777,07:00:00,KUZIAEV Daler,4
778,01:00:00,WAGUE Moussa,16
779,03:00:00,AZOFEIFA Randall,6
780,12:00:00,CACERES Martin,20
781,12:00:00,KANTE Ngolo,14
782,10:00:00,BERNARDO SILVA,20
783,12:00:00,NAKAMURA Kosuke,14
784,12:00:00,NIANG Mbaye,11
785,09:19:21,MOSES Victor,22
786,11:30:30,OMAR GABER,17
787,12:00:00,HILJEMARK Oscar,16
788,03:15:00,REBIC Ante,11
789,03:15:00,MATUIDI Blaise,1
790,03:30:00,MUTO Yoshinori,20
791,07:00:00,SKULASON Ari,11
792,07:00:00,ALI ALBULAYHI,5
793,07:00:00,STRINIC Ivan,24
794,12:00:00,SAKAI Hiroki,6
795,10:30:00,MUSA Ahmed,23
796,09:10:00,BEN YOUSSEF Syam,15
797,12:00:00,DIAZ Ismael,2
798,12:00:00,GELSON MARTINS,5
799,03:50:00,MAHMOUD HAMDY,11
800,09:30:00,EL KAJOUI Monir,17
801,07:00:00,ESCOBAR Fidel,18
802,12:00:00,CALDERON Jose,5
803,11:00:52,MARIO FERNANDES,10
804,08:05:26,NAVAS Keylor,20
805,10:00:00,FINNBOGASON Alfred,16
806,06:20:00,WERNER Timo,24
807,12:00:00,LEE Jaesung,6
808,01:00:00,MOSES Victor,15
809,04:00:00,CORONA Jesus,13
810,08:30:00,SASSI Ferjani,2
811,12:00:00,OCHOA Guillermo,22
812,12:00:00,TREZEGUET,13
813,10:00:00,SHOJI Gen,9
814,07:30:00,SILVA David,12
815,12:00:00,VERTONGHEN Jan,15
816,12:00:00,MATUIDI Blaise,14
817,12:00:00,NWANKWO Simeon,8
818,11:50:00,RUI PATRICIO,2
819,09:00:00,MACHADO Adolfo,0
820,08:00:00,OTAMENDI Nicolas,5
821,12:00:00,LANZINI Manuel,19
822,08:00:00,STRINIC Ivan,14
823,10:00:00,HARAGUCHI Genki,7
824,04:45:00,DRAXLER Julian,8
825,12:00:00,SKULASON Ari,7
826,12:00:00,HECTOR Jonas,24
827,12:00:00,SILVA Martin,13
828,12:00:00,KIM Seunggyu,22
829,12:00:00,ENDO Wataru,6
830,12:00:00,AREOLA Alphonse,22
831,09:00:00,FRED,5
832,11:00:00,YAHIA ALSHEHRI,0
833,08:30:00,LOFTUS-CHEEK Ruben,21
834,01:00:00,LERMA Jefferson,21
835,12:00:00,GAMBOA Cristian,13
836,07:30:00,KOULIBALY Kalidou,18
837,10:00:00,KIM Jinhyeon,11
838,06:00:00,CASTEELS Koen,6
839,11:00:00,BEN ALOUANE Yohan,19
840,02:00:00,OCHOA Guillermo,11
841,05:30:00,SALVIO Eduardo,23
842,01:00:00,HARAGUCHI Genki,9
843,08:00:00,SVENSSON Gustav,23
844,07:50:00,KAHRABA,7
845,09:00:00,XHAKA Granit,13
846,12:00:00,ABEDZADEH Amir,10
847,06:30:00,CUADRADO Jose,4
848,10:00:00,MURIEL Luis,4
849,12:00:00,LUKAKU Romelu,24
850,12:00:00,ALVAREZ Edson,23
851,12:00:00,LICHTSTEINER Stephan,17
852,12:00:00,CUADRADO Jose,23
853,12:00:00,MIRANCHUK Alexey,5
854,12:00:00,EBRAHIMI Omid,23
855,12:00:00,MILLIGAN Mark,2
856,12:00:00,MOJICA Johan,11
857,07:00:35,ROGIC Tom,21
858,04:00:00,OGU John,12
859,10:00:00,SLITI Naim,14
860,12:00:00,MILIVOJEVIC Luka,12
861,12:00:00,CORONA Jose,11
862,03:00:00,CORONA Jesus,9
863,12:00:00,TIELEMANS Youri,18
864,12:00:00,OSAKO Yuya,1
865,12:00:00,HIGASHIGUCHI Masaaki,9
866,12:00:00,DUARTE Oscar,0
867,12:00:00,VARANE Raphael,12
868,08:00:00,LERAGER Lukas,11
869,12:00:00,SMOLOV Fedor,19
870,12:00:00,RADONJIC Nemanja,21
871,09:00:00,BEDOUI Rami,8
872,12:00:00,MASCHERANO Javier,1
873,12:00:00,MOHAMED ABDELSHAFY,18
874,12:00:00,SCHMEICHEL Kasper,11
875,08:00:00,SALVIO Eduardo,9
876,03:00:00,PISZCZEK Lukasz,7
877,12:00:00,DRAXLER Julian,4
878,12:00:00,LO CELSO Giovani,19
879,12:00:00,BOUTAIB Khalid,18
880,01:00:00,SCHONE Lasse,2
881,12:00:00,CRISTIANO RONALDO,19
882,12:00:00,SCHONE Lasse,20
883,12:00:00,EKONG William,24
884,01:00:00,FABRA Frank,14
885,08:30:00,ESCOBAR Fidel,2
886,12:00:00,MOHAMMADI Milad,23
887,09:00:00,CISS Saliou,5
888,12:00:00,REBIC Ante,9
889,12:00:00,PEREIRA Maximiliano,17
890,12:00:00,TER STEGEN Marc-Andre,1
891,12:00:00,BEDOUI Rami,17
892,12:00:00,TAISON,2
893,12:00:00,SCHONE Lasse,14
894,12:00:00,GAZINSKY Iury,1
895,12:00:00,BARCENAS Edgar,17
896,12:00:00,RODRIGUEZ Alex,8
897,12:00:00,CASSIO,10
898,12:00:00,MONTAZERI Pejman,2
899,12:00:00,HASSEN Mouez,14
900,12:00:00,ARMANI Franco,21
901,12:00:00,BEDOUI Rami,20
902,12:00:00,EKDAL Albin,10
903,12:00:00,JUNG Wooyoung,0
904,12:00:00,DI MARIA Angel,23
905,12:00:00,MOHAMED ABDELSHAFY,7
906,12:00:00,WELBECK Danny,24
907,12:00:00,VRSALJKO Sime,4
908,12:00:00,SILVA Gaston,4
909,08:45:00,ZAKARIA Denis,2
910,08:45:00,SASSI Ferjani,8
911,07:30:00,DIAZ Ismael,24
912,12:00:00,AZPILICUETA Cesar,23
913,09:00:00,JONES Brad,9
914,08:00:00,LINETTY Karol,5
915,09:11:00,BOUHADDOUZ Aziz,2
916,12:20:00,RUEDIGER Antonio,21
917,12:00:00,LLORIS Hugo,19
918,06:00:00,NANDEZ Nahitan,0
919,11:30:00,SANTAMARIA Anderson,21
920,12:00:00,BODVARSSON Jon,15
921,10:00:00,WAGUE Moussa,6
922,12:00:00,ROJO Marcos,1
923,08:30:00,GORETZKA Leon,20
924,12:00:00,MATHLOUTHI Aymen,5
925,12:00:00,SARR Ismaila,0
926,09:50:00,DE ARRASCAETA Giorgian,17
927,08:30:00,SKULASON Ari,21
928,04:30:00,SVENSSON Gustav,22
929,11:30:00,CUADRADO Jose,17
930,02:00:00,MATARRITA Ronald,1
931,10:00:00,AWAZIEM Chidozie,3
932,12:00:00,LEE Yong,4
933,12:00:00,BEN YOUSSEF Fakhreddine,22
934,04:00:00,MILINKOVIC-SAVIC Sergej,16
935,12:00:00,VARELA Guillermo,11
936,07:36:00,ALISSON,8
937,08:30:00,PHILIPPE COUTINHO,9
938,05:30:00,LINGARD Jesse,14
939,07:30:00,UZOHO Francis,1
940,12:00:00,INUI Takashi,9
941,08:15:00,SUELE Niklas,18
942,12:00:00,EKDAL Albin,7
943,12:00:00,SARR Ismaila,16
944,02:00:00,SUAREZ Luis,12
945,12:00:00,KROOS Toni,24
946,12:00:00,CAMPBELL Joel,9
947,12:00:00,GUDMUNDSSON Albert,17
948,12:00:00,ZAKARIA Denis,9
949,04:30:00,RODRIGUEZ Jose Luis,5
950,07:00:00,SANTAMARIA Anderson,13
951,08:00:00,OMAR GABER,20
952,01:00:00,MANUEL FERNANDES,13
953,04:00:00,ELVEDI Nico,22
954,06:37:00,BADRI Anice,13
955,07:30:00,BACCA Carlos,13
956,09:40:00,BERG Marcus,5
957,05:00:00,RODRIGUEZ Cristian,11
958,06:30:00,KOULIBALY Kalidou,0
959,09:30:00,CUEVA Christian,9
960,08:30:00,JANSSON Pontus,6
961,03:00:00,MARCELO,5
962,11:20:00,SAUL,1
963,09:00:00,BUERKI Roman,1
964,01:00:00,MIRANCHUK Anton,20
965,09:00:00,SANCHEZ Carlos,13
966,11:00:00,DIALLO Abdoulaye,8
967,03:30:00,MITROVIC Aleksandar,17
968,04:00:00,HUMMELS Mats,0
969,04:00:00,NIANG Mbaye,17
970,12:00:00,OCHOA Guillermo,8
971,12:00:00,MOHAMMED ALSAHLAWI,20
972,12:00:00,RODRIGO,18
973,12:00:00,KOSTIC Filip,22
974,10:00:00,GUEYE Idrissa Gana,1
975,08:00:00,YUN Youngsun,8
976,07:00:00,CEDRIC,3
977,10:00:00,JUNG Seunghyun,21
978,12:00:00,BUERKI Roman,9
979,12:00:00,KOLAROV Aleksandar,3
980,12:00:00,BALOGUN Leon,11
981,05:00:00,PHILIPPE COUTINHO,14
982,04:00:00,BEDOUI Rami,14
983,12:30:00,UMTITI Samuel,2
984,12:00:00,RUDY Sebastian,5
985,05:00:00,VELJKOVIC Milos,2
986,12:00:00,SLITI Naim,13
987,12:00:00,GLIK Kamil,6
988,12:00:00,JEDRZEJCZYK Artur,3
989,12:00:00,CEDRIC,7
990,12:00:00,RADONJIC Nemanja,7
991,12:00:00,AREOLA Alphonse,19
992,12:00:00,NDOYE Cheikh,8
993,12:00:00,AMRABAT Sofyan,21
994,11:35:00,TAPIA Renato,23
995,12:00:00,PISZCZEK Lukasz,0
996,12:00:00,ENDO Wataru,15
997,06:00:00,SOW Moussa,6
998,12:00:00,BALOY Felipe,12
999,12:00:00,BOUNOU Yassine,20
1000,02:00:00,KHAZRI Wahbi,7
1001,02:00:00,NABBOUT Andrew,15
1002,12:00:00,STUANI Cristhian,12
1003,12:00:00,TRIPPIER Kieran,9
1004,12:00:00,YOUNG Ashley,7
1005,09:00:00,BRANDT Julian,16
1006,04:00:00,GAZINSKY Iury,17
1007,06:30:00,SANE Salif,12
1008,07:44:00,MATIC Nemanja,18
1009,12:00:00,BRAITHWAITE Martin,1
1010,12:00:00,WALKER Kyle,23
1011,02:00:00,TADIC Dusan,0
1012,12:00:00,MOTAZ HAWSAWI,16
1013,12:00:00,CUEVA Christian,14
1014,12:00:00,JEDVAJ Tin,2
1015,12:00:00,JOVIC Luka,7
1016,12:00:00,SALCEDO Carlos,14
1017,12:00:00,VARDY Jamie,21
1018,12:00:01,STOJKOVIC Vladimir,6
1019,12:00:00,AMIRI Vahid,4
1020,02:00:00,DIRAR Nabil,11
1021,01:00:00,ANSALDI Cristian,20
1022,12:00:00,SILVA David,24
1023,12:00:00,ISCO,23
1024,10:00:00,BERNARDO SILVA,1
1025,12:00:00,JOAO MARIO,8
1026,12:00:00,ENDO Wataru,14
1027,12:00:00,IDOWU Bryan,11
1028,09:20:00,ECHIEJILE Elderson,22
1029,11:30:00,TAISEER ALJASSAM,9
1030,12:00:00,COOPER Armando,7
1031,10:00:00,CUADRADO Jose,23
1032,08:00:00,RUKAVINA Antonio,22
1033,10:00:00,ADRIEN SILVA,7
1034,12:00:00,AZOFEIFA Randall,18
1035,12:00:00,INGASON Sverrir,4
1036,12:00:00,JAHANBAKHSH Alireza,5
1037,08:00:00,ZUBER Steven,2
1038,02:00:00,VENEGAS Johan,15
1039,10:00:00,EKONG William,24
1040,12:00:00,ROGIC Tom,0
1041,11:00:00,SHOJAEI Masoud,13
1042,04:30:00,DOS SANTOS Jonathan,22
1043,09:00:00,GUDMUNDSSON Johann,1
1044,01:00:00,SEMENOV Andrey,19
1045,12:30:00,SAKAI Hiroki,24
1046,01:01:00,VENEGAS Johan,24
1047,12:00:00,KHALIL Ahmed,9
1048,12:00:00,HUSSAIN ALMOQAHWI,9
1049,09:00:00,STONES John,14
1050,03:00:00,MERTENS Dries,21
1051,08:00:00,PEREZ Blas,11
1052,08:00:00,HASEBE Makoto,8
1053,12:00:00,KOLAROV Aleksandar,19
1054,12:00:00,RUI PATRICIO,20
1055,09:00:00,BODVARSSON Jon,7
1056,07:00:00,RODRIGUEZ Cristian,23
1057,10:00:00,OSPINA David,18
1058,09:00:00,AHMED FATHI,19
1059,10:30:00,GOLOVIN Aleksandr,20
1060,12:00:00,SALVIO Eduardo,2
1061,09:30:00,WILLIAM,2
1062,10:00:00,ALBA Jordi,22
1063,03:00:00,AMIRI Vahid,22
1064,01:00:00,GAZINSKY Iury,19
1065,12:00:00,BORJA Miguel,1
1066,12:00:00,PETRATOS Dimitrios,8
1067,01:00:01,BEN MUSTAPHA Farouk,8
1068,08:00:00,JORGENSEN Mathias,24
1069,10:00:00,USAMI Takashi,5
1070,12:00:00,RUIZ Bryan,10
1071,12:00:00,OSAMA HAWSAWI,21
1072,09:30:00,KOSTIC Filip,2
1073,07:00:00,LIVAKOVIC Dominik,19
1074,07:00:00,PAZDAN Michal,23
1075,12:00:00,OSAKO Yuya,6
1076,12:00:00,SAISS Romain,19
1077,12:00:00,YUN Youngsun,9
1078,12:00:00,JEDRZEJCZYK Artur,18
1079,12:00:00,BALOGUN Leon,11
1080,12:00:00,MENDYL Hamza,8
1081,05:30:00,LJAJIC Adem,0
1082,12:00:00,HUMMELS Mats,2
1083,07:00:00,PEREIRA Maximiliano,12
1084,12:00:00,PIQUE Gerard,7
1085,08:20:00,RUNARSSON Runar,22
1086,12:00:00,SMITH Ian,11
1087,10:00:00,DE GEA David,14
1088,12:00:00,SAKHO Diafra,16
1089,12:00:00,CARTAGENA Wilder,1
1090,12:00:00,DIAZ Ismael,0
1091,12:00:00,DMITROVIC Marko,17
1092,12:00:00,THIAGO,20
1093,12:00:00,BJARNASON Birkir,18
1094,12:00:00,SCHMEICHEL Kasper,14
1095,12:00:00,IVANOVIC Branislav,2
1096,12:00:00,OLSSON Martin,13
1097,05:00:00,REINA Pepe,19
1098,12:00:00,KOKE,21
1099,01:00:00,TORABI Mehdi,12
1100,12:00:00,BALDE Keita,6
1101,06:00:00,UEDA Naomichi,7
1102,12:00:00,PENEDO Jaime,7
1103,12:00:00,WILLIAM,18
1104,01:30:00,SMOLOV Fedor,16
1105,04:00:00,SUBASIC Danijel,8
1106,12:00:00,SHAQIRI Xherdan,10
1107,12:00:00,GOLOVIN Aleksandr,18
1108,12:00:00,AMRABAT Noureddine,17
1109,12:00:00,SUBASIC Danijel,7
1110,12:00:00,EZENWA Ikechukwu,18
1111,12:00:00,MARIO RUI,3
1112,07:00:00,GUDMUNDSSON Johann,21
1113,10:00:00,BOATENG Jerome,0
1114,12:00:00,KHANZADEH Mohammad Reza,12
1115,10:00:00,MURILLO Michael,17
1116,09:00:00,VENEGAS Johan,12
1117,06:00:00,URRETAVISCAYA Jonathan,24
1118,03:41:41,HENDERSON Jordan,0
1119,12:45:00,VIDA Domagoj,5
1120,12:00:00,DA COSTA Manuel,13
1121,12:00:00,COATES Sebastian,2
1122,10:00:00,FINNBOGASON Alfred,13
1123,12:00:00,PICKFORD Jordan,14
1124,12:00:00,CORLUKA Vedran,9
1125,02:30:00,YASSER ALMOSAILEM,9
1126,03:30:00,CABALLERO Wilfredo,1
1127,12:00:00,GRANQVIST Andreas,1
1128,08:00:00,EZATOLAHI Saeid,11
1129,12:00:00,OMAR OTHMAN,13
1130,12:00:00,AQUINO Pedro,21
1131,12:00:00,URRETAVISCAYA Jonathan,17
1132,02:00:00,RYBUS Maciej,14
1133,08:15:00,DELPH Fabian,3
1134,07:00:00,RAMI Adil,16
1135,06:00:00,MBODJI Kara,5
1136,11:00:00,BOUHADDOUZ Aziz,21
1137,03:00:00,MOHAMMED ALSAHLAWI,9
1138,12:00:00,MERTENS Dries,4
1139,12:00:00,LAXALT Diego,23
1140,09:00:00,NABBOUT Andrew,11
1141,12:00:00,REBIC Ante,2
1142,03:00:00,GISLASON Rurik,12
1143,11:00:00,PEDRO GEROMEL,19
1144,01:00:00,STONES John,14
1145,12:00:00,GINTER Matthias,7
1146,01:00:00,THAUVIN Florian,11
1147,11:00:00,GONZALEZ Giancarlo,10
1148,02:00:00,DOLBERG Kasper,24
1149,10:00:00,IRVINE Jackson,0
1150,09:00:00,MOHAMMED ALOWAIS,8
1151,12:00:00,MOJICA Johan,7
1152,12:00:00,MILENKOVIC Nikola,7
1153,06:00:00,VIDA Domagoj,14
1154,02:30:00,EBUEHI Tyronne,8
1155,12:00:00,USAMI Takashi,6
1156,12:00:00,KRYCHOWIAK Grzegorz,20
1157,12:00:00,SARR Ismaila,1
1158,04:24:11,PERALTA Oribe,15
1159,01:00:00,LERAGER Lukas,11
1160,12:00:00,MURIEL Luis,23
1161,02:00:00,GUDMUNDSSON Albert,15
1162,01:00:00,MACHADO Adolfo,12
1163,01:00:00,DZEMAILI Blerim,11
1164,12:00:00,YOTUN Yoshimar,12
1165,12:00:00,LICHTSTEINER Stephan,22
1166,10:00:00,BANEGA Ever,18
1167,12:00:00,AMR WARDA,18
1168,02:00:00,SHOJAEI Masoud,11
1169,04:00:00,KOO Jacheol,4
1170,12:00:00,OVIEDO Bryan,21
1171,12:00:00,ZAKARIA Denis,7
1172,03:00:00,MAGUIRE Harry,15
1173,12:00:00,CALDERON Jose,9
1174,12:00:00,BADELJ Milan,2
1175,12:00:00,BRANDT Julian,1
1176,12:00:00,BEN YOUSSEF Fakhreddine,19
1177,12:00:00,ZAKARIA Denis,14
1178,03:00:00,MAKINO Tomoaki,17
1179,03:00:00,JO Hyeonwoo,18
1180,12:00:00,TREZEGUET,17
1181,12:00:00,LEE Yong,19
1182,06:30:00,MEZA Maximiliano,21
1183,10:00:00,ASENSIO Marco,14
1184,12:00:00,ESCOBAR Fidel,22
1185,03:00:07,LOVREN Dejan,0
1186,12:00:00,DEMBELE Ousmane,17
1187,10:30:00,TOIVONEN Ola,24
1188,08:00:00,GO Yohan,5
1189,12:00:00,PERISIC Ivan,3
1190,05:00:40,PAULINHO,15
1191,03:10:43,COATES Sebastian,23
1192,08:00:41,CUMMINGS Harold,16
1193,06:00:20,GRIEZMANN Antoine,11
1194,05:24:00,CARRASCO Yannick,7
1195,05:24:00,MacLAREN Jamie,23
1196,05:00:00,GOLOVIN Aleksandr,3
1197,12:30:00,FEKIR Nabil,24
1198,07:00:00,CUADRADO Juan,1
1199,12:00:00,SUBASIC Danijel,9
1200,07:49:51,PEPE,22
1201,10:00:00,AREOLA Alphonse,0
1202,02:00:00,TALAVERA Alfredo,14
1203,10:30:00,GODOY Anibal,17
1204,12:00:00,BEN ALOUANE Yohan,7
1205,02:20:00,EBUEHI Tyronne,4
1206,05:30:00,AHMED HEGAZY,7
1207,08:00:00,ALBA Jordi,24
1208,04:00:00,LOSSL Jonas,6
1209,11:30:00,DMITROVIC Marko,7
1210,09:55:00,SAMIR SAAD,4
1211,09:21:00,AHMED FATHI,0
1212,12:00:00,GO Yohan,15
1213,07:00:00,ABDALLA SAID,19
1214,09:45:00,LEWANDOWSKI Robert,5
1215,12:00:00,ZIYACH Hakim,8
1216,02:00:00,ALVAREZ Edson,24
1217,07:30:00,KOSTIC Filip,21
1218,09:00:00,MOHAMMED ALBURAYK,17
1219,09:00:00,MOHAMMED ALOWAIS,15
1220,09:00:00,HENDERSON Jordan,18
1221,07:00:00,MURILLO Oscar,14
1222,11:00:00,KHAOUI Saifeddine,20
1223,10:00:00,MINA Yerry,15
1224,02:00:00,COLINDRES Daniel,15
1225,10:00:00,KROHN-DEHLI Michael,17
1226,07:50:00,FRED,13
1227,07:00:00,SHERIF EKRAMY,4
1228,09:00:00,IZQUIERDO Jose,23
1229,06:30:00,SIGURDSSON Gylfi,0
1230,11:30:00,WERNER Timo,21
1231,12:03:00,CUMMINGS Harold,11
1232,11:30:00,CORONA Jesus,0
1233,12:00:00,YASIR ALSHAHRANI,1
1234,12:00:00,OSAMA HAWSAWI,17
1235,12:00:00,HELANDER Filip,5
1236,12:00:00,BOUNOU Yassine,20
1237,05:00:00,DEMBELE Ousmane,20
1238,07:00:00,ELVEDI Nico,3
1239,12:00:00,GISLASON Rurik,21
1240,05:00:00,BEDNAREK Jan,3
1241,12:00:00,SCHONE Lasse,18
1242,12:00:00,RODRIGUEZ James,11
1243,12:00:00,LOSSL Jonas,10
1244,09:00:00,FAZIO Federico,20
1245,12:00:00,TRAUCO Miguel,22
1246,01:00:00,LIVAKOVIC Dominik,15
1247,12:00:00,BARCENAS Edgar,16
1248,12:00:00,BOUTAIB Khalid,1
1249,04:30:42,YOUNG Ashley,18
1250,12:00:00,KANTE Ngolo,6
1251,12:00:00,ESCOBAR Fidel,11
1252,12:00:00,ZAKARIA Denis,3
1253,06:00:00,LICHTSTEINER Stephan,12
1254,12:00:00,OLSEN Robin,19
1255,12:00:00,TALAVERA Alfredo,5
1256,12:00:00,GALLARDO Jesus,15
1257,12:00:00,TEODORCZYK Lukasz,7
1258,12:00:00,FLORES Edison,7
1259,12:00:00,RISDON Joshua,13
1260,10:00:46,ROBERTO FIRMINO,13
1261,12:30:00,ACOSTA Johnny,7
1262,12:00:00,OLSEN Robin,0
1263,12:00:00,BRAITHWAITE Martin,19
1264,11:00:00,ALLI Dele,19
1265,06:30:00,KI Sungyueng,21
1266,04:00:00,SEMENOV Andrey,14
1267,12:00:00,TIELEMANS Youri,22
1268,12:00:00,AYALA Hugo,3
1269,12:00:00,HUMMELS Mats,6
1270,11:40:00,RODRIGUEZ Alex,16
1271,02:00:52,GASSAMA Lamine,8
1272,12:00:00,MATHLOUTHI Aymen,20
1273,10:00:00,JOVIC Luka,18
1274,12:00:00,DIRAR Nabil,18
1275,09:00:00,SAM MORSY,3
1276,12:00:00,RICARDO,9
1277,10:00:00,SANCHEZ Carlos,24
1278,12:00:00,KRAMARIC Andrej,0
1279,09:00:00,HASSEN Mouez,10
1280,11:00:00,PESZKO Slawomir,16
1281,12:00:00,CASEMIRO,5
1282,08:00:00,BEHICH Aziz,24
1283,02:00:00,MBODJI Kara,8
1284,02:00:00,JORGENSEN Mathias,0
1285,10:30:00,GRIEZMANN Antoine,16
1286,06:00:00,SHERIF EKRAMY,3
